Node,Erdos_Number
1489623725351878671,0
1497124621572734977,1
1504072538313342978,1
1486461474692292609,1
1511407086999121926,1
1498979201436819458,1
1491781549603397635,1
1511141606610583553,1
1487504591486951432,1
1491234182588211202,1
1486247571995738115,1
1514025590646583302,1
1494635077401149442,1
1491585181081382914,1
1494427704296415237,1
1485330253199417346,1
1506650740474920972,1
1479387355018522627,1
1490774872494071810,1
1507890169977970694,1
1514257202709676034,1
1482432412474912768,1
1488946590236741633,1
1501213655958003715,1
1486077694601269254,1
1497146872909242369,1
1513658399627563017,1
1486649868634533888,1
1510986820196130818,1
1503109935793590272,1
1502336090715348996,1
1501661631188815881,1
1503377986694828032,1
1496900546741129220,1
1507844875764514824,1
1514564527123312643,1
1506420489987756040,1
1508885462944989194,1
1486647434520502275,1
1478071426573869061,1
1512258962036604928,1
1477968016432414723,1
1488135032355049472,1
1515414779103432708,1
1495511119322095623,1
1510849652668653571,1
1504897949096202243,1
1508440054850592777,1
1495741366038667265,1
1510692379585560585,1
1483447064193384461,1
1513668281739235333,1
1503898892982796296,1
1512004783749615621,1
1499079500851781633,1
1483773742568419331,1
1481396864729718788,1
1499125060380114956,1
1488549236589355013,1
1497326830608605186,1
1495982951443619840,1
1505368538323865604,1
1483110651270733832,1
1503481112475181057,1
1487953812908302337,1
1491366314618900484,1
1503830952384118788,1
1515108060037107718,1
1487791548276387841,1
1509211625961795584,1
1509213924457123845,1
1481219494483738625,1
1501234094012829702,1
1492304981373956098,1
1515008322885328918,1
1494305674494365703,1
1499761614723166209,1
1497657726243151877,1
1503581779130728453,1
1507118969181769728,1
1498036493893394434,1
1496960690556444672,1
1479143260069240835,1
1483605173369024518,1
1494548506203377668,1
1480738749789179904,1
1514883484170563585,1
1489602673318023170,1
1493038293566562306,1
1495191490582257669,1
1502678328117014534,1
1489969592453799940,1
1510286738429730825,1
1483435275858628609,1
1485666277117079556,1
1493334258227765248,1
1513648102624104453,1
1511984678315646976,1
1513815464304070665,1
1502134735174258689,1
1497013502472560642,1
1504174463008526346,1
1511136564952375314,1
1482828778200084486,1
1508307950099738636,1
1495529978405998603,1
1495933907316969473,1
1489811068377518080,1
1511652485974351876,1
1511765715333828615,1
1478136611141558276,1
1500823866276462594,1
1499278444026286085,1
1508866637763690501,1
1478705384697249792,1
1507081073074790400,1
1490007364719755272,1
1504148031465304070,1
1494604881767899144,1
1513607219190935555,1
1488754101320130560,1
1493972169977741317,1
1508589775481098242,1
1485025915390377989,1
1503700074051874821,1
1496258526502658057,1
1500174680111656963,1
1502003919945408524,1
1509281837075603461,1
1481778142452846597,1
1501194294924914696,1
1500145564490547208,1
1500810011739660293,1
1514612700436852736,1
1495956566100615175,1
1479222762745040897,1
1503405611853258755,1
1482361549683630084,1
1512822728553902093,1
1499572881918939140,1
1482148043554275331,1
1512792512188063754,1
1511006968533635087,1
1498018881008451591,1
1478200769887277056,1
1496242606996656143,1
1500790881695289347,1
1489697927949963269,1
1487432872298520577,1
1506892043595001856,1
1478448708677255169,1
1513195116109963273,1
1503835945505890304,1
1477371086937415685,1
1509908463626850311,1
1512045030965399560,1
1514091062821851142,1
1490450245817352195,1
1498011322008616963,1
1507800837967564807,1
1483977602066964485,1
1502132248967012384,1
1506239305685118979,1
1492840996870279170,1
1497333107938242571,1
1505310668236410887,1
1496843650365411336,1
1498634175401889793,1
1491376353026920449,1
1491957694181302286,1
1496208198616891395,1
1486089035223384075,1
1498911766658568193,1
1501168372326748163,1
1501935763616722947,1
1502831840503156737,1
1503861254808645635,1
1481682234167992324,1
1509681995525328901,1
1502942558988689409,1
1510119865482457090,1
1506251866094673920,1
1478093871695515650,1
1499116101246070786,1
1499010151466033155,1
1500912954606243840,1
1503249597568851971,1
1499773689042243594,1
1514247049214107659,1
1506426431139725314,1
1508859047210065923,1
1507443485175128064,1
1485059479918067715,1
1502726136790405125,1
1495768696639397892,1
1500614745887584258,1
1503885025464496131,1
1513826271083520007,1
1506073240409722883,1
1485907806305890307,1
1479509408770138117,1
1498802784589815823,1
1507807490464960518,1
1485824803093295104,1
1489041387349700609,1
1480573910605250566,1
1506635654146531336,1
1486156990208487424,1
1487595182195449866,1
1484737611860258819,1
1495522729038069763,1
1491983383496478732,1
1512047552815841285,1
1506911250374086659,1
1515103956132900864,1
1514785686464860166,1
1499871071578869764,1
1501903223329800193,1
1497062127953195012,1
1500174453115953157,1
1503313769337868288,1
1509377472109944836,1
1498025179888467976,1
1495548895245570057,1
1506299713582256145,1
1484886075306823681,1
1503082232273121281,1
1510927433112989697,1
1493306604556636167,1
1512770305214881792,1
1496794578904809473,1
1499464654321500164,1
1504474193005490195,1
1496164145053511690,1
1487084766109343750,1
1484579098856935430,1
1509687016732123140,1
1506254431578374147,1
1491912887698403334,1
1511735778921136138,1
1481174151176110080,1
1506830694424760325,1
1506337460053291008,1
1484213577959489540,1
1493249952902000649,1
1498795318468558848,1
1503694761110261761,1
1484303707093323778,1
1482768377877782535,1
1508869118262398987,1
1503804489689710594,1
1489872929156472835,1
1481312549727612930,1
1478163568755421184,1
1498290653574443011,1
1488891240242417664,1
1485664949779185671,1
1478339189137620996,1
1504668964198174728,1
1503566680244555782,1
1507725240675315716,1
1506838221493256196,1
1498152755378196487,1
1505717483780640770,1
1505300610383556611,1
1509013817119944709,1
1503730255382683650,1
1491872122326728708,1
1485625834988015618,1
1508166993844785158,1
1507474921601081347,1
1491237979465170947,1
1498322352597311488,1
1491320987085950976,1
1488667264933150723,1
1507755722192392203,1
1499042108103135233,1
1508474010232926215,1
1481305429435158530,1
1481955521477365764,1
1507081434338668547,1
1508961134589657097,1
1501899445188939778,1
1481249652947177473,1
1494374890526461955,1
1497208523981271040,1
1509977173964333056,1
1497345607891140613,1
1491565432658186253,1
1479880601595518984,1
1509279313421500416,1
1506344998861778947,1
1503853662099189760,1
1492810806001639426,1
1515160578234458118,1
1492340214546812930,1
1506987978907951114,1
1499874849451298831,1
1506726248407572482,1
1497295374469505036,1
1505910872463527940,1
1490860439198126082,1
1485261065348915203,1
1511263137542066178,1
1500850044035031044,1
1514030677888573440,1
1481547518655840256,1
1491186339420717060,1
1491398987739545601,1
1496032063090212864,1
1505293051404734467,1
1497255146560053248,1
1505730920053104641,1
1501870831084912640,1
1498953884542418953,1
1491221755628818436,1
1496922184891129860,1
1489456234541502465,1
1497247551384432649,1
1484375255971893259,1
1498629158682902529,1
1504921858042482695,1
1493419840329109508,1
1490067783169843202,1
1492513859067863041,1
1480487098172026882,1
1515358120570204164,1
1482087675981144068,1
1507343068466491400,1
1510677279579549699,1
1501256524081082370,1
1485724113243099142,1
1513981563238760455,1
1483710838326317059,1
1494159689722048514,1
1478754439087460359,1
1503130060726972423,1
1484390329193218051,1
1513558791404638221,1
1493693791886266369,1
1507522729490141188,1
1479188551053062151,1
1509951320727461893,1
1501275351128805378,1
1504221081024053251,1
1503111052246097921,1
1496646061871542272,1
1490801298165440524,1
1487404161163575296,1
1508515521465094146,1
1514780563730698253,1
1507050252326608897,1
1482779701437509632,1
1500851285179969541,1
1505001186562297856,1
1508012213403107334,1
1482422354756222982,1
1496458592228200448,1
1492101130788212741,1
1503006720540524544,1
1496638515463004165,1
1499077100128636932,1
1499218017401679873,1
1503121247160446979,1
1505097763695984643,1
1500662234145566720,1
1492991993328418820,1
1501552143454638090,1
1498722258214342662,1
1505449068297953283,1
1497260683012018185,1
1508862005230325765,1
1505601549254512643,1
1479437680937218053,1
1498387598276018176,1
1483965524576980996,1
1502701272448876559,1
1504407769637654534,1
1498792723209494532,1
1509625362833186823,1
1506307238222303233,1
1501705674589409282,1
1499810688314785798,1
1494481333070016515,1
1486202269364367362,1
1485663704205213696,1
1502172478868635653,1
1478512848011681797,1
1490876892903268352,1
1495880790651060224,1
1496842374546440204,1
1500218369265516545,1
1501772349829435393,1
1508670308244684801,1
1485750752907776002,1
1484129845890142214,1
1501196116850880520,1
1497645142643195904,1
1487682018251091970,1
1492159035340210179,1
1509928598010044424,1
1500803492893634562,1
1492030668456534049,1
1498465668236259328,1
1482068782814306310,1
1501875804451622914,1
1491902346649088001,1
1484575318178504706,1
1495971655864225795,1
1514408108633870336,1
1499444619406422022,1
1493594719380725763,1
1496469975372083201,1
1511156687171989507,1
1492128841837465600,1
1479442733097963520,1
1487911005896286211,1
1478111428829663232,1
1496560535709573121,1
1493125117764943872,1
1492872458147450880,1
1509478361701273602,1
1501267524662538240,1
1507315143646060547,1
1504344038643744770,1
1502402763912880129,1
1495387786857353218,1
1499625755562627078,1
1512407457653526540,1
1514372877537230853,1
1483405077553557505,1
1515038519437234181,1
1504185759380787201,1
1484491857501560832,1
1514964521756073984,1
1498041519319789578,1
1504872807007719435,1
1505776241495973888,1
1481566751120932864,1
1509081769672421377,1
1480557568586137601,1
1495514867356389386,1
1488160158631051267,1
1503321048309248009,1
1490724571359723525,1
1493207164210630659,1
1500868458367627264,1
1513834342388314117,1
1498390073720680454,1
1513244185192710151,1
1496349166288744450,1
1494365075196551174,1
1504767327023284224,1
1496907815465766920,1
1482452791809523720,1
1486138100720058368,1
1507374691908005888,1
1489622030303604739,1
1507773824170958856,1
1491565447967293440,1
1515110240827674634,1
1513183795117236227,1
1489448715198816256,1
1485938024361906176,1
1501987512214073349,1
1515178234157191180,1
1492596896334061568,1
1491396504627646468,1
1515384543259283467,1
1481581809477554176,1
1508262613519679491,1
1496526541236449288,1
1495588243873669120,1
1515148002519920649,1
1488153879506305026,1
1509322090817761283,1
1509451449662644226,1
1508575969937874948,1
1511931813664641027,1
1509175635641606146,1
1501456336042827777,1
1486414386390609920,1
1499927716031832067,1
1506269536051515399,1
1494316016884670464,1
1499723849578987522,1
1493968927600304130,1
1501739659717664770,1
1496463022549778443,1
1478539259820888069,1
1495518032818495489,1
1487473132961210381,1
1507360173001789440,1
1507547888649478147,1
1508534316153856009,1
1515016774663774212,1
1496651173562142725,1
1497578454920974337,1
1513928720330989570,1
1484654592071716871,1
1506435688400629763,1
1489603413197393929,1
1503981145989566464,1
1512806318788300809,1
1481385603367604224,1
1478400880441540617,1
1506914383426957313,1
1504684051915026433,1
1488674808002924547,1
1498821685318979586,1
1502668271702745091,1
1501915799707074568,1
1498550564933804036,1
1497316532283756545,1
1498481934355288071,1
1488185335263678465,1
1486616975417741317,1
1492566710506905608,1
1510367731178168322,1
1514242109288689666,1
1498411455800037383,1
1486492912556859402,1
1490792542027268101,1
1488474759369269250,1
1488127453772103682,1
1514343940622888963,1
1499952875438583809,1
1478101385279377413,1
1489984706611396615,1
1480860812914966533,1
1512090376013848579,1
1507296245773221888,1
1506342657970298881,1
1501969904420937730,1
1493429881270673417,1
1497926738990542849,1
1483756169730613249,1
1514536455632306177,1
1499372804566773763,1
1495439374644830210,1
1505597608424783874,1
1491003906180227076,1
1496854966371237891,1
1501362198949543941,1
1498713447827226628,1
1511146628987633665,1
1502046665334833153,1
1515012340017733635,1
1514351500369268739,1
1486277799572824066,1
1504451833028300805,1
1481375462190370818,1
1487289418276818945,1
1498083036071710729,1
1505534927084924934,1
1503752918662582277,1
1504970996369043461,1
1492379447772819457,1
1510681047121510400,1
1491292921966043139,1
1504944504981368832,1
1514684925638856707,1
1508760915277230084,1
1484992717948084234,1
1489592101809672195,1
1487112041231962112,1
1477518788190998531,1
1478165533430370305,1
1500159219626086406,1
1511385249846116353,1
1513693407905996803,1
1510150058292957185,1
1481291216658575360,1
1496726622858510341,1
1492347796464279553,1
1496143318832529423,1
1497670342554406928,1
1501883107946991616,1
1505824573316640768,1
1506533767166451712,1
1496853691864866817,1
1496477493133463555,1
1507026984936869897,1
1508745839442894848,1
1486764729301360641,1
1499381595966513156,1
1508073872876310536,1
1487830478405222402,1
1490777063124619272,1
1485941792100999174,1
1495866052739280908,1
1483122010389680130,1
1485998463397552130,1
1508148099474198537,1
1499033069327720450,1
1504804904044531714,1
1499134760962121729,1
1515227512854532097,1
1503789400446193673,1
1498052830292287493,1
1506326100305190917,1
1496308840517750787,1
1491068076095385602,1
1510916605559119872,1
1478118999405834246,1
1488682350498172930,1
1506750152593268744,1
1512243860470128641,1
1513342340173385734,1
1499391931092250625,1
1509210175084929028,1
1514988678376046600,1
1497647680968966157,1
1501958606849257474,1
1480811746055045121,1
1480570181902643203,1
1501286710231113736,1
1500290112613228545,1
1495518016368517127,1
1493588419875856384,1
1479176027339374606,1
1486323115164680195,1
1511418449754472453,1
1491970283850420260,1
1507150298862784515,1
1511199475670425604,1
1493689113324756992,1
1509226472057319425,1
1515163117126365190,1
1493601085583470617,1
1505338359073361921,1
1501252706266226689,1
1505225107018588160,1
1507458404595683328,1
1481004265376260099,1
1503751646924488704,1
1482009477272514560,1
1478433605915496476,1
1498883318028374016,1
1503963046443638785,1
1504826718229610499,1
1486232513643225088,1
1477488588828942337,1
1495816607863562247,1
1514291102265790472,1
1499693665400332291,1
1491052993558548480,1
1498319615302246407,1
1510269580786216960,1
1498799022429155331,1
1508061310726115329,1
1504291459075395584,1
1505189505946501123,1
1500262400548913154,1
1483004941677518848,1
1501879307215548419,1
1507364259222724616,1
1514393062130302983,1
1508390978738180100,1
1493356904697020416,1
1479430164194992129,1
1504814949629108238,1
1506626324210802693,1
1489441128072065026,1
1491400265982959622,1
1500894072264876033,1
1494869384040493057,1
1490384839308099588,1
1498980226835136516,1
1511127751599833091,1
1498145984752271362,1
1506334391869579265,1
1488954146472534019,1
1504940755902771201,1
1498839768028880900,1
1499728890239111174,1
1511166751094054915,1
1502385144891596803,1
1508534456633724932,1
1503578015132966914,1
1510965509981970435,1
1496900254318350339,1
1488510214664069120,1
1514078444002451461,1
1501147236742438914,1
1512374830175301633,1
1484567749867225089,1
1501354600649142279,1
1504840063397646336,1
1503833433545531396,1
1484360157148573696,1
1504106488356294678,1
1509519648831770634,1
1513213989215522826,1
1503415721895858180,1
1502041662519971849,1
1512477580359778307,1
1490036287641903110,1
1489546782472298496,1
1495452572840194049,1
1479163884846161926,1
1509002543669596167,1
1498065443050905604,1
1489346688498253831,1
1488659687717449736,1
1497640127291662341,1
1496549187370074118,1
1500549299939250185,1
1478458728907214860,1
1494894535100436480,1
1497375903013294085,1
1514981906621812743,1
1484038003538509825,1
1496463019559297024,1
1513607223255216138,1
1482354391592181765,1
1510799350972174345,1
1492504379122978818,1
1497066350715490317,1
1506265738969075714,1
1505625529801756675,1
1483242805342392328,1
1482813666076639234,1
1500813863301885953,1
1494423951233232899,1
1492249629941014540,1
1506678303587028993,1
1496144025547587593,1
1490333217664212993,1
1496792946171322372,1
1513303331279679494,1
1479098107887554564,1
1495714967613579270,1
1496658684356792326,1
1478873969012924417,1
1490343311412019201,1
1484231790927790085,1
1497317994048987142,1
1504391456341073926,1
1481415729362657286,1
1480253051667681280,1
1507036524550004748,1
1504507881202364418,1
1510050662498902017,1
1506005256097841154,1
1497614954198933512,1
1479579883638505478,1
1498291664716288008,1
1505544017907523590,1
1506317313158660106,1
1490435150538235912,1
1496801958832791553,1
1489042422948499456,1
1501339794068099074,1
1483612701096042499,1
1513607240263127040,1
1497593577744052232,1
1501631441259704328,1
1497582259985125379,1
1508954658219466757,1
1515238637348265985,1
1506748903118540814,1
1505565700156502034,1
1512173391083618319,1
1501606268535980042,1
1503510080901292038,1
1512568241121636357,1
1483501951841148935,1
1485598285666697216,1
1489954982988296198,1
1481351556662546435,1
1499942842793406472,1
1513570118470615043,1
1496911580331757571,1
1497527000952717314,1
1503360300996825088,1
1512264025140252705,1
1504053881550086154,1
1493872810720116738,1
1501070210375294979,1
1498768832411881475,1
1500843736162570243,1
1486500728776581123,1
1486373383352852486,1
1507253468599308318,1
1480796634476855301,1
1478486480913903623,1
1496810173368877057,1
1479065481118105607,1
1506669652776259585,1
1488150111595245573,1
1503851317067976707,1
1507073553983844360,1
1481624608113627138,1
1485364232027783169,1
1509564957741957121,1
1488270896921989122,1
1507043337051820043,1
1511425963762061315,1
1511067345304887306,1
1507568037381160963,1
1486730807855116290,1
1496781175633117193,1
1502348668954939396,1
1480174039117271041,1
1491835643567214598,1
1498500793493868547,1
1489420951871963136,1
1489622486337699848,1
1486417427781103632,1
1488635033283878919,1
1506366392588771328,1
1508779785404788739,1
1492917631300554763,1
1506186678645444610,1
1489691823744462854,1
1493106680564838400,1
1507532964795670531,1
1491322883968225283,1
1510913325487595522,1
1491752572633427975,1
1488834603989229571,1
1498169988821172230,1
1489111132883148800,1
1483356005186605058,1
1503800824308375555,1
1495817022533521411,1
1506677215475515399,1
1502757823721136147,1
1503337667265761286,1
1509400108043014144,1
1490518193982656514,1
1497982381428547585,1
1495040493964644354,1
1503638405145673733,1
1506417978807627784,1
1511151646587461638,1
1499697443092504580,1
1501592437915062275,1
1489478864933986304,1
1491300857090093058,1
1478574103208640515,1
1480581722706268164,1
1498906452471201793,1
1491115886488473600,1
1514577993443721221,1
1513370030129430530,1
1503309971265626112,1
1497941931879452673,1
1498637940980948994,1
1511456157776367617,1
1491056491356377088,1
1513285711985889285,1
1496668726065778694,1
1490674221642661890,1
1504903034782031875,1
1509865715708448790,1
1496928213037207561,1
1481609489799430150,1
1513259290450092034,1
1494280489364033541,1
1498777624121942027,1
1499142567329472515,1
1502722364789899272,1
1508216050650865666,1
1478207100417363971,1
1504812381939113985,1
1512535782896115714,1
1494824115106205696,1
1484027940056846338,1
1511845724719362049,1
1504588429597855750,1
1498598946989608960,1
1503710122878644228,1
1499701233187233793,1
1486708136006365184,1
1480619228390731781,1
1507829769009836036,1
1508114946424459268,1
1486526919877312512,1
1479946021757198336,1
1513811704337022980,1
1509576441436020748,1
1501709484619620353,1
1504759530667888676,1
1479105574247669764,1
1498361128723877889,1
1490837826602254341,1
1482346853840609282,1
1477696213734539280,1
1483403381653782528,1
1511904108269166592,1
1503095321550807044,1
1482653913711063041,1
1502396468254101508,1
1508251319269793795,1
1513498373688602629,1
1489857340908220419,1
1514328843695407109,1
1508491628725555207,1
1486409966932144134,1
1498334762406195201,1
1513294989140316161,1
1488942812028710926,1
1500509035082227718,1
1489850298529157128,1
1498495393461678082,1
1492790675099815936,1
1483174815401922561,1
1504400913548599302,1
1515134143440506881,1
1485722089923489801,1
1508984868948041729,1
1507177965246947328,1
1508476529214435334,1
1499614389661491202,1
1488414349249155074,1
1487156215750737927,1
1510287415839268869,1
1505685630164127748,1
1502177593067376642,1
1496824792007458819,1
1487050346929217539,1
1498841806343188482,1
1513314648061353986,1
1500743103195623430,1
1496258009751773195,1
1497620021408935936,1
1501886868782202880,1
1499007123568701443,1
1512007295588352002,1
1492572150183649284,1
1486073939294146564,1
1502283252010299392,1
1511891536321122304,1
1480622001484087304,1
1511010767616847883,1
1482173198921785344,1
1506349266578690050,1
1481336437807194125,1
1492914022055825411,1
1497232424077561860,1
1486859072578142212,1
1496137763133005835,1
1502474470686179332,1
1485688892976156681,1
1507220760200458268,1
1480242995999952901,1
1482719676467662852,1
1502539929418715137,1
1514325123209302016,1
1497625041416110080,1
1494681125750513666,1
1491241957024227331,1
1478378211138490385,1
1506012809196302336,1
1486125385590849540,1
1495847086595653637,1
1487040308785426433,1
1492010532454477856,1
1488881160637845505,1
1496691717201874945,1
1504213439622922246,1
1479962392935251972,1
1510669727521288196,1
1479878080822923267,1
1484899926156926979,1
1492559189847252999,1
1507099964090036241,1
1512128101358227459,1
1486823842412695559,1
1497047210453872658,1
1498766545480261634,1
1490691846691033092,1
1512064169222287361,1
1506362603165073416,1
1481491230722826240,1
1483257874834989061,1
1508753605465190400,1
1489256147320074247,1
1501453984216846338,1
1509387540087943173,1
1494084245261889543,1
1494666788348514329,1
1485526558509051908,1
1513743780117159936,1
1512480425691971584,1
1507809647947833347,1
1508623163533447173,1
1477707533959761925,1
1506088293770964997,1
1511361820094869509,1
1496143524001107979,1
1498875775377887233,1
1509337192329580550,1
1503167870762631169,1
1488168986021924872,1
1485354958744653828,1
1503187739151372290,1
1488852256296480770,1
1501588698437201933,1
1491011710483898369,1
1511194436797181954,1
1487445461120303106,1
1506385272992415744,1
1499498622848843781,1
1498708426922340357,1
1498002523994607628,1
1511690967388151816,1
1489008905837592577,1
1504905497949970446,1
1498725675796254721,1
1493660153534722054,1
1491824309131689988,1
1511516585621692418,1
1491030310011772934,1
1498279060031643648,1
1488598054752108547,1
1490087851266035721,1
1513532609422237702,1
1514635873861709831,1
1492393546145484801,1
1494325862405005323,1
1501894128111656965,1
1494114425464311812,1
1515335478983241728,1
1515350559422885891,1
1481223206199513093,1
1504450030261964811,1
1483908318619967492,1
1489051026187558914,1
1504832523284721668,1
1514825866714488833,1
1508479042994978826,1
1497167712832925707,1
1507751749507067914,1
1506954492545282053,1
1510067009551278085,1
1510609348086706185,1
1481433332789436417,1
1502102020253265922,1
1502097004750589953,1
1477975551411470338,1
1478108935907328005,1
1490752240658915330,1
1487961356624084993,1
1501560974460993540,1
1497341651186028544,1
1509694552986300421,1
1494111877282029572,1
1512842905907568652,1
1491838216420433921,1
1504210923254427655,1
1500652467264102403,1
1483465552618303493,1
1512052612287410184,1
1488021494215200768,1
1477393761416417280,1
1501757257935163394,1
1506439348866195460,1
1494782555685634051,1
1506263959271313408,1
1488849998167040000,1
1501414992201011205,1
1498420275481911301,1
1511063611338330114,1
1510322434485927947,1
1481989553070223365,1
1506058091305091074,1
1505907143270146048,1
1498810400338587652,1
1511633833971572738,1
1507729256348012544,1
1499937760383324163,1
1496379360219119616,1
1497270227528298497,1
1513289484699410439,1
1499308641857556480,1
1487941218961088513,1
1497043710974078992,1
1498104443442712578,1
1507039579647393797,1
1494884475909586948,1
1503819481465950208,1
1511483838916173827,1
1512499097172946959,1
1506382758708404230,1
1488059509356572673,1
1504236073446166529,1
1506595632382943232,1
1512274041461264391,1
1492608223781822470,1
1485467408982810624,1
1490348324163141634,1
1503702578063884293,1
1496318917236645894,1
1496169178776195077,1
1511799679444471809,1
1495176378139959305,1
1493175699611566080,1
1505713303850524675,1
1513587925031792647,1
1490326656338345987,1
1515140447877931011,1
1480906098957852679,1
1504913056836763648,1
1487425335603998720,1
1491426681994756104,1
1496218501438230528,1
1486927074992476163,1
1480902401850843137,1
1512626380185423874,1
1479264040618758151,1
1502284719630831622,1
1493535583196569606,1
1483333363528347648,1
1506732542325628928,1
1508189637835210760,1
1513975271073980419,1
1501596203921850374,1
1506429277767671809,1
1509885555412279299,1
1493487016222330880,1
1496570957821005827,1
1502089438150676491,1
1496998490534289415,1
1490679253796597763,1
1499019204930019329,1
1493155332503347203,1
1509946218998382602,1
1512923325470814209,1
1499397964862660622,1
1491198043693236226,1
1503110914538676225,1
1511935572008386560,1
1492487432046002185,1
1494767444753276931,1
1486693013749436417,1
1482106513867091971,1
1498536862637608962,1
1506341226626310155,1
1509123285333729283,1
1489745096656490496,1
1478784637652586500,1
1487036254625705987,1
1478212099792941061,1
1493229808049917952,1
1510288036831059972,1
1511921475426603011,1
1514045714292162560,1
1480638099415875586,1
1499377823454269454,1
1479163847672012802,1
1494510085514547200,1
1491883473744891907,1
1493691656901885955,1
1510602393959944195,1
1507111278615179278,1
1491947228273025024,1
1488577901872267269,1
1514706353113243654,1
1501180974977142785,1
1489705366904578056,1
1480193924639694855,1
1494710823905865731,1
1484883566089617410,1
1503834694722408460,1
1497078923875733547,1
1502363756147490830,1
1494091770707292161,1
1488286026368004099,1
1514372880272093194,1
1493938240776196098,1
1509799241937723398,1
1496820980194418695,1
1496472419833462784,1
1499811839395434496,1
1504268811016540164,1
1480258079350575114,1
1481710174016610304,1
1502388969862008838,1
1497661070533607429,1
1488213032647933958,1
1497271880012677129,1
1484287145808441346,1
1492172602797867015,1
1512472869938372608,1
1496268617377271814,1
1491429226213486604,1
1513161157862998019,1
1484732566464864256,1
1506220408403542020,1
1494012489268355079,1
1480751355006537731,1
1494425817119612933,1
1514840976417820673,1
1508665262933004290,1
1503790657340690444,1
1483514600406540288,1
1482046117500141571,1
1481284874761908232,1
1503725273136652288,1
1507009380046163968,1
1507029498931384322,1
1478750690533064711,1
1510286376364818441,1
1509455513993596936,1
1496149061216477196,1
1511745580518805506,1
1511435105046306819,1
1515046068286861315,1
1494761400203423755,1
1493346834785476609,1
1487527251046510595,1
1501769889756950536,1
1501762323081580544,1
1513874551578443786,1
1501282869603450890,1
1478823566200164356,1
1482034843957534720,1
1486726991889895435,1
1498933203012399107,1
1494020020992679936,1
1511822350664323084,1
1510035581212016656,1
1497209813025103879,1
1499645845557465089,1
1499248223227199493,1
1505190087079993352,1
1478214655009038341,1
1513593450373038086,1
1493553190104674311,1
1510041836399874048,1
1500822082619416577,1
1493807361663848452,1
1495210354405781504,1
1481325117003206657,1
1512409949829279745,1
1478078741620432898,1
1498435372946178060,1
1482472687377264647,1
1489275021495255051,1
1510867304996913157,1
1513164920652771345,1
1512082063964340226,1
1491521077218062336,1
1501257714869186563,1
1502433469909057538,1
1485564310147506176,1
1486128138048487431,1
1498015100275507203,1
1496847389230972933,1
1505615172920131590,1
1498830474009104387,1
1508934555599880196,1
1493686581340909570,1
1512153258613252103,1
1485079597297418244,1
1500234730918318086,1
1508178307464011776,1
1506069433378295812,1
1510286909217648642,1
1498266771157102598,1
1495591060302712836,1
1477728941792284676,1
1493972160490229761,1
1504085455272296448,1
1501373481283375115,1
1490878064884076544,1
1489612233692831748,1
1500894048156065795,1
1493260202455543811,1
1498093121682432002,1
1504650054732328993,1
1486002189013237768,1
1478373182662922245,1
1487553670522757128,1
1501658752449134594,1
1506718123852013577,1
1509284369034358784,1
1488935273312534533,1
1493585964840767489,1
1503362855009202177,1
1488836869127290882,1
1508974808012402688,1
1495151215705047046,1
1503812055073185805,1
1479097680953491462,1
1483163486003904516,1
1500853814013960199,1
1506853315006668800,1
1510010397285404673,1
1481688574625865728,1
1511503982958686212,1
1496775680511844352,1
1479883124465180678,1
1514272222210371591,1
1482402223489527809,1
1500127767748296711,1
1495625498050895880,1
1496142112081039369,1
1485789542863024137,1
1488840894044381184,1
1485569581620080651,1
1481102394108882944,1
1488195416780849152,1
1500765459343454210,1
1480600418644336642,1
1498961348658667521,1
1499598030475038722,1
1501284200225251329,1
1504451829576445954,1
1500875448217186315,1
1482699173006921733,1
1477330048847949828,1
1497023560736555010,1
1510029255140331530,1
1487455504322514949,1
1502381402616172544,1
1497200986967977987,1
1480615497590886412,1
1496143419445493762,1
1514695048956452864,1
1492269732778676226,1
1494407297363320836,1
1497986149884870656,1
1504736124790624270,1
1512791210204794892,1
1482482750858960899,1
1501754742988492806,1
1481986978124025866,1
1487084757771030529,1
1500464979702595590,1
1479841994394505222,1
1504740668815593472,1
1499459625288187910,1
1495036299169996801,1
1513985376511303685,1
1514158977545814017,1
1486078945548242960,1
1491607893078118402,1
1511176809332854784,1
1515018871387869188,1
1495126133548929027,1
1515158046246330372,1
1510275892534296582,1
1477983109433933826,1
1496552971378778116,1
1485447304131878927,1
1490885622009053187,1
1484303683982487553,1
1485306343535910912,1
1499270882841313282,1
1489982167233048578,1
1481642235309395972,1
1502701748078718983,1
1497184620554735619,1
1484183963224592394,1
1487158561763377156,1
1491623478021308416,1
1488372812842782721,1
1499852235181854720,1
1483008719407435776,1
1488916417537785860,1
1508964773530062850,1
1501222465556656135,1
1484126120928849922,1
1483085472947744774,1
1490448980471390210,1
1505879407247990787,1
1512155769915023368,1
1483367316507275266,1
1505210001584971777,1
1511871413275222025,1
1484295936973148167,1
1505971269065445389,1
1506024126628126722,1
1513055441630240771,1
1507839827550556168,1
1478629603744763906,1
1499129953845231624,1
1479951101726187522,1
1495986739114135555,1
1491141050957991937,1
1491577794287054850,1
1511795904281464837,1
1502376324660350980,1
1507273640756363275,1
1505801415536562177,1
1487069395860000772,1
1510059518750769154,1
1490509447747227654,1
1490425106073534467,1
1494121951534759936,1
1509621624332599297,1
1503447648803688448,1
1480903605758709770,1
1511478812957097989,1
1487125831944220678,1
1496620955552174081,1
1500863911905710081,1
1490830283599400963,1
1491019031016624128,1
1477135051120852994,1
1497543234582679555,1
1501864215757348865,1
1498313299305377798,1
1514579231128403969,1
1514730249573089288,1
1502288247073947653,1
1507552938461437953,1
1505627743496638465,1
1494046468373872640,1
1490513624162607110,1
1479464098920292357,1
1503302455370600449,1
1487304560829997062,1
1487530501187457033,1
1502405303945551882,1
1509870464491048960,1
1512611325440106501,1
1494514557787721737,1
1493895478571843586,1
1490352110143254532,1
1489648715702931461,1
1489008902335307777,1
1488499980352565253,1
1492213127517286402,1
1514005264617385996,1
1480721192013152257,1
1509602696944402432,1
1479399954913370112,1
1504110277352165382,1
1493667953878908928,1
1502658185022296064,1
1491898530784546829,1
1490958631596171264,1
1483570155296862212,1
1491021507870568449,1
1495842771571290113,1
1484194033538895872,1
1496904040281780229,1
1504163147304914948,1
1481256664930177034,1
1499452067747926023,1
1489750772342530053,1
1506375679515971585,1
1489088765066944514,1
1505323260803792897,1
1503712640832573440,1
1503892575438221315,1
1509138427048075268,1
1483499451092246534,1
1504199590144315396,1
1497183373684580374,1
1479452788157517827,1
1514544003752116231,1
1508068827707420679,1
1491905852256792580,1
1495593296730943488,1
1484209143435173891,1
1491660901002334208,1
1500845004390125575,1
1495507319333220353,1
1513943805841575936,1
1485376817133465601,1
1486047489417523208,1
1511468497976664075,1
1501128109298438145,1
1515403427077107715,1
1487025182246117382,1
1506695448802861064,1
1499195386950467585,1
1509367646059479046,1
1485700197183369223,1
1502393205073010699,1
1502125177450254344,1
1479593710342053888,1
1500003198165303297,1
1513619098240000008,1
1496077343114342400,1
1501845358934204420,1
1498023151636205572,1
1481440886621941765,1
1491889744023887887,1
1507266071375581184,1
1480146102636658691,1
1515223521907122176,1
1504197082177052674,1
1502094473261637635,1
1479894447865442314,1
1511429743777927179,1
1506823137614344192,1
1486370874689261569,1
1485257269378007040,1
1499727634837786625,1
1488826350601261061,1
1514551560189190147,1
1486443874990104593,1
1505254984660787206,1
1511607914187870211,1
1508458940085985283,1
1483435442926202882,1
1493580877175087112,1
1504246162827657225,1
1483826602509275141,1
1513879734974926860,1
1489614746768785414,1
1496635921835380737,1
1511448625871785992,1
1494318277669105664,1
1507338022286774298,1
1502417840393142275,1
1506895603837591563,1
1496785587290124290,1
1481981948549636106,1
1513892209011175428,1
1478028889922416643,1
1507401989554155524,1
1512148223728705560,1
1501640062940987392,1
1492944171719667727,1
1480547515720212487,1
1484012866386776065,1
1498839276980690950,1
1506752751988056074,1
1502268174888280066,1
1494200279771881475,1
1483295617770217473,1
1493663920611024903,1
1496886420941815809,1
1506989229959786504,1
1496968229260083211,1
1500105429635977220,1
1478058601726029825,1
1505036365116936194,1
1511111387807948806,1
1490441454682001412,1
1488245715876954112,1
1492955511263739912,1
1478527946583420929,1
1494367419909001219,1
1509106092101574657,1
1496809690839359489,1
1509583889341288448,1
1503555355770593281,1
1480177572113702918,1
1497173294520410113,1
1513192794873114625,1
1490432633846870016,1
1501573001334112257,1
1496888938115514379,1
1503484629948547082,1
1497297876388618245,1
1482467650710216707,1
1510733911323729934,1
1504521729670008833,1
1504751718998986773,1
1504836288012238876,1
1497357253808205829,1
1511376959850389512,1
1513331033697042435,1
1497281523745181701,1
1508277739996000261,1
1501978720369889287,1
1511369343963222025,1
1512203619210256395,1
1493613590867283977,1
1495185185670901765,1
1496195831741001732,1
1488988124311080964,1
1493570840205697024,1
1497642642796072961,1
1490548756663742467,1
1489624805485821952,1
1503913973040750593,1
1496779451405041666,1
1501554669847461896,1
1480224126761639938,1
1501623896423940098,1
1491591256895635456,1
1484281168514142211,1
1481959303800102917,1
1479362187810553858,1
1495533741111971845,1
1504838803097272351,1
1512092195574190081,1
1499509941010374658,1
1508403555178328066,1
1504433638359900160,1
1491984093411569664,1
1507982008793841666,1
1513713564367953925,1
1505273402541719553,1
1486463975147683842,1
1499477227615969284,1
1503493704530767880,1
1496175487936253957,1
1502298558510288901,1
1489554415589724163,1
1486677910610132995,1
1496486050482606087,1
1489229755941629957,1
1506943936513912832,1
1495745155101560835,1
1505865586202525705,1
1512505584121450496,1
1484227769433272324,1
1487047813401923594,1
1499867335074934784,1
1512490533079375874,1
1503770554532339723,1
1487060695602671622,1
1489210837835333638,1
1499682327517093892,1
1511941860675227648,1
1508451392066830350,1
1511058545432743942,1
1494464239255367685,1
1508831378309357570,1
1487510879738470402,1
1513611632009699328,1
1479482024251510792,1
1499756566387568640,1
1486310874281295873,1
1515066200375574529,1
1498776355617525760,1
1510352641402015748,1
1506954498173976584,1
1495730042017570816,1
1481035702271975426,1
1481634671062667264,1
1498115793791377413,1
1491515259034779651,1
1500758195396124672,1
1479233868603531267,1
1482502902405025795,1
1499147566130339842,1
1496995888895569924,1
1496502883134623746,1
1479043525199249413,1
1500894092259115009,1
1495055598202851330,1
1491892749985107969,1
1509202560376320005,1
1498900927654338560,1
1500941912240533510,1
1488143795501867012,1
1480977883183128578,1
1493726831475892225,1
1482437447300657153,1
1508549562314670086,1
1501440505275727872,1
1508285259707736065,1
1501452737657122835,1
1496769134662922242,1
1493737121328373762,1
1488961690020548621,1
1512874259529486344,1
1497292880284639234,1
1485779469382127627,1
1510689408906838030,1
1480940596722348037,1
1508919492835000338,1
1478483903639953412,1
1489153954340610053,1
1485241424232730628,1
1508836429874741251,1
1500826626090844162,1
1488545185952944131,1
1486441325721440261,1
1512547113934147591,1
1498026419590508548,1
1512464918364237824,1
1509546120254562312,1
1498825488025980930,1
1481823427401031680,1
1506108417605316610,1
1509860638918680582,1
1499376576303190019,1
1486125281739829249,1
1497312967821516801,1
1483144663062171657,1
1509342271841480704,1
1509893395917025286,1
1491585169022664706,1
1480219091914870786,1
1491061771179864066,1
1483982624892805122,1
1510007873153216513,1
1513471951347531788,1
1493217242250727432,1
1485814700541718531,1
1502990367205040129,1
1480597823569731590,1
1500149439033397253,1
1513409527412047873,1
1499497379644559364,1
1488743012452732928,1
1480761401236930561,1
1495059294919790601,1
1503180641675919362,1
1483944985875689474,1
1494129483061899266,1
1503041973560786946,1
1490427595653095424,1
1515253746112073736,1
1503141369908445187,1
1515076288255569920,1
1509327130148192260,1
1498206359858331652,1
1509938403718139906,1
1486559626212610049,1
1511708818555785217,1
1514689987983429639,1
1490810114877579270,1
1488640865723637761,1
1512847847393218562,1
1480975319054049284,1
1505182339235823619,1
1491444307122925575,1
1487084770261716995,1
1489224822538309641,1
1486062601419345920,1
1514254591906492422,1
1487483663658930176,1
1507658663888048138,1
1493361926532915201,1
1486402334959837202,1
1503370440907141135,1
1489101401108230145,1
1479007351491502082,1
1498415230803660803,1
1509995294670344200,1
1505584976196218880,1
1483569932940070918,1
1496488789417635847,1
1483159773524733958,1
1497067814410145828,1
1482478960860708867,1
1506095895577870341,1
1500945452111474690,1
1498367423635988485,1
1496480978272985090,1
1480363784904581120,1
1508972341103013897,1
1489949401099423745,1
1503166570452893696,1
1487013863556100103,1
1479110555000393730,1
1514362836759232530,1
1485578156081917956,1
1484529980579188742,1
1498122810757160964,1
1500857578959609859,1
1491751559327268868,1
1512510637322162186,1
1501275987237117955,1
1478218407199846404,1
1511807243926257668,1
1509109956477431812,1
1489569480476868610,1
1493341807987638276,1
1504102745174941698,1
1483947408384008199,1
1498889782461612034,1
1510624424462110731,1
1487451742296018944,1
1499827056204566538,1
1512321854203219972,1
1499065177257480201,1
1484639503558258688,1
1502586210992238597,1
1500978121318846470,1
1492161528837156869,1
1508519311333380101,1
1484382781635399683,1
1496054410430107648,1
1503722959831187458,1
1478320377696862209,1
1511171788973252610,1
1507457319289860100,1
1479060235947954180,1
1488885666905837572,1
1505669286081269774,1
1489607212993503233,1
1512515644339675145,1
1508776012531830784,1
1515399642418143242,1
1494722169821085696,1
1498531008664252418,1
1499162650244272131,1
1496112558427807745,1
1494246762927828993,1
1480758887586349057,1
1478202042392981505,1
1489264934311510030,1
1481259552607768577,1
1488547723695509506,1
1489759434578534411,1
1479274111864082432,1
1486349485177507841,1
1494714599601577990,1
1502702424359948295,1
1504457596564082690,1
1485721608673275912,1
1498697094365945857,1
1503871180863946753,1
1511750636794228741,1
1507169170407915537,1
1514368597577154566,1
1486066435730386949,1
1491637972801839104,1
1486715129727045641,1
1493460076467822594,1
1482986063396327425,1
1480683387388108804,1
1506646974954713095,1
1497240469213958147,1
1498075503978323971,1
1479048877131055109,1
1480017754455433220,1
1498108198498226176,1
1511961994194300930,1
1505892047282225152,1
1491214032430415874,1
1515388307936624651,1
1508989915102695424,1
1489924783319965703,1
1503532705530748932,1
1491201687549263873,1
1488829573626220547,1
1515344335029645313,1
1483870151959367681,1
1512138316682076164,1
1501978135017013250,1
1479515703455666178,1
1503045759075246087,1
1499805225544257540,1
1496465463563407366,1
1499716302105202697,1
1479548549960540170,1
1492181703686713348,1
1489765756879396865,1
1494401280835473414,1
1514372867080736774,1
1509614072475832324,1
1477718853476098051,1
1492289864594866177,1
1493024957571473408,1
1490422559829073923,1
1483874120232222729,1
1483382426286104577,1
1484813595091386370,1
1487172544805363716,1
1481687686637309952,1
1484020373985415169,1
1493654107361619974,1
1480516034448797700,1
1481995791896137729,1
1489994745279660032,1
1495488453911498755,1
1512866714265993219,1
1509727310710284296,1
1501914535506198532,1
1498895924973740034,1
1499059038721556483,1
1485482502898790404,1
1504773486094528526,1
1512196431997771785,1
1482574556002926593,1
1498259216431206409,1
1494783122034110464,1
1501460289098854402,1
1479347099426865153,1
1504578386882084871,1
1499228079532744712,1
1478831189289058306,1
1494042683257638912,1
1508564663021314052,1
1512492999401521163,1
1496940506001154052,1
1507789488218677250,1
1489493996309254145,1
1504515420816125960,1
1492634651969605637,1
1491585174508818432,1
1493169413910052867,1
1492491188858937345,1
1478712965444550660,1
1496927591508418566,1
1513859609773150212,1
1489821093720469507,1
1511087478211596294,1
1479822722070949899,1
1486153186113163265,1
1498797799298805761,1
1500252320591978497,1
1498675709098799110,1
1493978536587272192,1
1504502886889410570,1
1479164237259976705,1
1494523504548450305,1
1514604431878152208,1
1485678903595356162,1
1504920127854325762,1
1503340214311395328,1
1481378009286336513,1
1496857305748582404,1
1511222143526359042,1
1494679381398409217,1
1487549891270303749,1
1489183906255544321,1
1514015555392581636,1
1490077030859292677,1
1506344235397750792,1
1509973905305448452,1
1515083896773349381,1
1490429365515137024,1
1481315046768656384,1
1499635769450766337,1
1488357725964840960,1
1482163163617546240,1
1512849121765437450,1
1489360570025394177,1
1497287117684285451,1
1498976461046353921,1
1498304529145778181,1
1500512803672805387,1
1489590085360230405,1
1484647043339632643,1
1497622503002447877,1
1488399294365241346,1
1486655253281972227,1
1505700961959960580,1
1477654668620742663,1
1495450723915554825,1
1499457081774166017,1
1491305911356248064,1
1490866729098125316,1
1482053672632786947,1
1485296295690620930,1
1488211759139893250,1
1496242603423059977,1
1489702647959638021,1
1510503632415961088,1
1492699391098081281,1
1507032032429412353,1
1502801624191930369,1
1485760598776242178,1
1512118033963274242,1
1481596924646023169,1
1504846417063460916,1
1481355416412078088,1
1493042346178527236,1
1497606154339426308,1
1492298683697750018,1
1491646363049807872,1
1491547491287842819,1
1493302821910896645,1
1493841582939906051,1
1509221489958084611,1
1489609719224406019,1
1495380242545917953,1
1514570173243609097,1
1510044388965113862,1
1491152371761754120,1
1506954505128185858,1
1509436847243542529,1
1502156284954439688,1
1499406782883577865,1
1477722618824466438,1
1507358410118942727,1
1478473825327239174,1
1508979845128232967,1
1492164030965891080,1
1481698410315108357,1
1510893696069349378,1
1501250108519821317,1
1491860801019428864,1
1505247752560721931,1
1499128680244822024,1
1495454465532518404,1
1498865712475033601,1
1510002829364191234,1
1504178226561798147,1
1486446361457442818,1
1495866194259283974,1
1512074491735597060,1
1506445649386037257,1
1491572643719524352,1
1488406793550286849,1
1514521362139910148,1
1510975854423199751,1
1506986202406260743,1
1493931676933754880,1
1501890775004688384,1
1487149759580319753,1
1503350264853680128,1
1496912073569222660,1
1508797395265536019,1
1490079056230068229,1
1496126141576495105,1
1503654715229458436,1
1483416421010923523,1
1483212612192153605,1
1502377618577973253,1
1500890309659611138,1
1486453922231468037,1
1489676220363157508,1
1503661047391129600,1
1498999107335200775,1
1501988823709986818,1
1507250958933315593,1
1507040815809499141,1
1502701016348860422,1
1478180649072836610,1
1486754655648780288,1
1485451060265492485,1
1511866355066228742,1
1513977842165497866,1
1493069603051868163,1
1484949268297359367,1
1492540261716705284,1
1499494845886480384,1
1481763017494773761,1
1486070141502869506,1
1493333022262939660,1
1501991295383969796,1
1506016574993584136,1
1514936598936313861,1
1492287394103627780,1
1480426189676331011,1
1513149814485225477,1
1480208158912040963,1
1503876218634051588,1
1511696997799153672,1
1500629820652371970,1
1489795958674178049,1
1511056057556246529,1
1496141445463433226,1
1477067110304079873,1
1503778163796717579,1
1492920274441977864,1
1481987742070456337,1
1489962070766407683,1
1494756162142674948,1
1485847426942578691,1
1491154951090933765,1
1485051931705978888,1
1492925329916186633,1
1490626430388035584,1
1495873242610995208,1
1508207260807356423,1
1489623577397800968,1
1510628205031477250,1
1500929620761325574,1
1497086482863079430,1
1507276861000368149,1
1490042571321757699,1
1507118971207577611,1
1491758877343420424,1
1504203369648463886,1
1499878635381084160,1
1497211270516424715,1
1491524849751187459,1
1505642856857407494,1
1504442522386501633,1
1513607224798625800,1
1501832754534699008,1
1496431407618535429,1
1511463772463976452,1
1508170747440771086,1
1504925725660430338,1
1484148783386697728,1
1502404096648691716,1
1504102703508738050,1
1510769157108899840,1
1486787358242623490,1
1504869019475755014,1
1509508072032645127,1
1490812646299508744,1
1498383803240304641,1
1480917433384849411,1
1505143316408582155,1
1497994955696095241,1
1478999834111758336,1
1506224195117719553,1
1493465142788567042,1
1495166318085091337,1
1507712117562036232,1
1492226989876518921,1
1496354146961797122,1
1483881966256766986,1
1507864998785265664,1
1479438938179878922,1
1493661467765268491,1
1493955868420882434,1
1499347610741653507,1
1494397504774885378,1
1490470371425988611,1
1507088647883042816,1
1515231053182603270,1
1483446622575075341,1
1488999436621651970,1
1484624381187964929,1
1484146201582784515,1
1478954533770440707,1
1502763885530648576,1
1502456856614211584,1
1481614531935850502,1
1502630559188766735,1
1492186690454179844,1
1503079726235242502,1
1505172260084199426,1
1506194030211874819,1
1485605843903164418,1
1499040612342972420,1
1504251194981732360,1
1503142101583867904,1
1514063362392473602,1
1512560955837849604,1
1514075936391577611,1
1514440834225254410,1
1489679934285139969,1
1493049887482597381,1
1514126246271238145,1
1487084768743522313,1
1484410459562381313,1
1503355527471972356,1
1480766718188433409,1
1477332558325207041,1
1498834351278243841,1
1514810762153189376,1
1504538080988041218,1
1485427132771749891,1
1500571960731967496,1
1503823378397945865,1
1491509755810091010,1
1496976513421520900,1
1492820861954531331,1
1512798760862195718,1
1496975775270121472,1
1502748779761606659,1
1483868122964713475,1
1498815384069316608,1
1507403099346022401,1
1486489163629273100,1
1479022202120982533,1
1495518027043020807,1
1489733029379588097,1
1515034762880167944,1
1496835209798504451,1
1494137051788234753,1
1499361470525677568,1
1490737146675834881,1
1496844880508821507,1
1504241115460943877,1
1499489835442126848,1
1508635068830523392,1
1481279851990560772,1
1493480237082071041,1
1504451258291208199,1
1485623440262537216,1
1495654558953050115,1
1500184420573134849,1
1489727993136267268,1
1481272273793437702,1
1508553275477565447,1
1499502399899189257,1
1483919974641119232,1
1509372468854677514,1
1504865248494424101,1
1478117730280685568,1
1499712533992718343,1
1480932569931821072,1
1493283927611613196,1
1508489170280497163,1
1512034980343525381,1
1480982867882790918,1
1499347739292979202,1
1506118499483148291,1
1491513501336092674,1
1486469007452557317,1
1502392699009343490,1
1502698485547679755,1
1499085906837397506,1
1497182669456687110,1
1497277497922228224,1
1511403318001733635,1
1515049844271898628,1
1496925414178054165,1
1492362887008034817,1
1507936712420438016,1
1478342986413092866,1
1492951786377949185,1
1491653173915836424,1
1491668294947979266,1
1499121388120125450,1
1508640123033948168,1
1506954500241825794,1
1511388307090984964,1
1483652963449151491,1
1481683743760961536,1
1488905144368513027,1
1501009828369555457,1
1501717378480099330,1
1513240434889347079,1
1496796540438204418,1
1513859494891118604,1
1499436968672993280,1
1490749711946498057,1
1481615792080834562,1
1511768207463432202,1
1495161755982614528,1
1479711491943280642,1
1501905770388115456,1
1496771906363879431,1
1483929810141425666,1
1486659018449985538,1
1504004567826149377,1
1480539948163997703,1
1483559908087934990,1
1496615891710136324,1
1500894057840660481,1
1512814597669105674,1
1511391992898596867,1
1511082459336691716,1
1509921035633713160,1
1489405861042786306,1
1501372553683689478,1
1515072229255618564,1
1489488905141374987,1
1493316630570577923,1
1504540623440859142,1
1501331978385334274,1
1495373033107771394,1
1488826353294082049,1
1496123887293247490,1
1511325552107474946,1
1512671668556091397,1
1503891311778279433,1
1488848456798064647,1
1492508809507524616,1
1489555608118476801,1
1491660220669562881,1
1510832051427196928,1
1496242527804010496,1
1478504517679427588,1
1496964419791859717,1
1487395108752347144,1
1487632928138006528,1
1508557082395561996,1
1491468217105137670,1
1478554364574904321,1
1506707413688274952,1
1501193542085062658,1
1487074251278540807,1
1511444849916010498,1
1477344891042770949,1
1505157415683170306,1
1512856642043494405,1
1482065023967051786,1
1503934089027637253,1
1493009618498465798,1
1511682651085844486,1
1497695887799291911,1
1499240674717319168,1
1502245214546800641,1
1492554111119728640,1
1499483526265245702,1
1506972942558760967,1
1494810477439987712,1
1477556547135979524,1
1498312150925860864,1
1493584838410002433,1
1481951253273972742,1
1512099948015271937,1
1483303169157386241,1
1497635084979032066,1
1478158871726284801,1
1497031105895190531,1
1511395767096913928,1
1490689323578142726,1
1489040966656958464,1
1501545853638565894,1
1508542027075620874,1
1491713562766721027,1
1483094284811255811,1
1478614513771495424,1
1483393780489363459,1
1483031414073348099,1
1514846026812768256,1
1482756386870202369,1
1485351650273665026,1
1504122849841328129,1
1484584326188748802,1
1499769199908032516,1
1481307506995511299,1
1488492600067858435,1
1484292188200747012,1
1502051714635116557,1
1494831617164165124,1
1510997450286370819,1
1493997457516154893,1
1507021949033189376,1
1501305537140609031,1
1488558275750682628,1
1488101015010349060,1
1478361852254081031,1
1494027843600326662,1
1491328555908841482,1
1502393973175894016,1
1495377728517853190,1
1500153356878241793,1
1503910192567754758,1
1508539456239906826,1
1482593499551866882,1
1507477454889312266,1
1486385976150839300,1
1480972809560072196,1
1495721980099768326,1
1513509737165463556,1
1478003228847624193,1
1494639118256648194,1
1489710368956248065,1
1499583075944124428,1
1483496937143873542,1
1489116470768508928,1
1488572883043553283,1
1505900309608030215,1
1497360800570388486,1
1511033408385921025,1
1493575847143526402,1
1486391578612617217,1
1507429815552552963,1
1511078719099707392,1
1494532156135202824,1
1514664851385327619,1
1480612250452996102,1
1503342700376035350,1
1483615211709947907,1
1495069441712865283,1
1487898436942934021,1
1508650160095649793,1
1481471092262903810,1
1513992905421164547,1
1484178255926087681,1
1497169529310490624,1
1515211145031950342,1
1511441577331367946,1
1483873171610689538,1
1496799586236747782,1
1492846032744550405,1
1496915379788079117,1
1482709254805106694,1
1501947258249498625,1
1491049213391687694,1
1496160425318170628,1
1489915730887909382,1
1482030587967946757,1
1492181705733464069,1
1477774220235091977,1
1507175473465499654,1
1512787445745696768,1
1493719279056924675,1
1477811964915105792,1
1504525514295418882,1
1478209587014782985,1
1506964080854196228,1
1509334701722456070,1
1492251360988962817,1
1492557901793304581,1
1493733153759846402,1
1498704670780542976,1
1500697781505245185,1
1502199661305765894,1
1487060408062066689,1
1491412848785997833,1
1499423868955643906,1
1506312271466835974,1
1493751992065441792,1
1507190565091385350,1
1489660081620885514,1
1506996769854529550,1
1478911735948009476,1
1490193559894564866,1
1509598931197571080,1
1507429813824413698,1
1510311132166250504,1
1478433610696962053,1
1485414571921887232,1
1503645947112431620,1
1498518529125015552,1
1505145313966923781,1
1508398513251659781,1
1509145997007634438,1
1499912597553958913,1
1489317782831443972,1
1513517276506505224,1
1511301403309916165,1
1511072892796162055,1
1488512505303416842,1
1499592196571512833,1
1479490531101224966,1
1495497901728014348,1
1498738607087308800,1
1503271984192491520,1
1502022773778141186,1
1496519011890339846,1
1511363984196354055,1
1513856993555009540,1
1488291020693508103,1
1504451825952559109,1
1481053358182088705,1
1493371993365921794,1
1484923847631687686,1
1497943374309076993,1
1506982953921961985,1
1508992431282401289,1
1495855659316883456,1
1487269278646779904,1
1481737844150444033,1
1504879068650610691,1
1485613404308004866,1
1492253385441087489,1
1479841986920255489,1
1487128367187083282,1
1506410436283015169,1
1506571481475698690,1
1510458348533075969,1
1501498052066136065,1
1492108670741749761,1
1490943518629830657,1
1487078081651253257,1
1506453543720521728,1
1504823956242640896,1
1513274383422443522,1
1487221477560791047,1
1499312403242262530,1
1496409563532308485,1
1512591133771247623,1
1486579757563228162,1
1505509471056977920,1
1503525153988304897,1
1499587981929238571,1
1493315386212823042,1
1506318571688845324,1
1488746542030807044,1
1488009169349267456,1
1513206430425223174,1
1507058437427015692,1
1490498074610909185,1
1481607822043500551,1
1495718713932324876,1
1494001179105320964,1
1486096599147237382,1
1496852425721974791,1
1499165176381255681,1
1489041907565031426,1
1504623655258624001,1
1498455508264656896,1
1502055251062534170,1
1499126185342685184,1
1509596920561512460,1
1504763316807348226,1
1515125346999353345,1
1485671242296406017,1
1502696194274955273,1
1498773856068247560,1
1485131438936756226,1
1508789091252555791,1
1493674243799883777,1
1490445239978504201,1
1499832225768124422,1
1490885240319246337,1
1513909854171238400,1
1477450833923035138,1
1481376894570356739,1
1489071167487066113,1
1482758307014225923,1
1496511438759813128,1
1496463007907520520,1
1497960984803262473,1
1508334071235162112,1
1497607423594536961,1
1481109956468293635,1
1500964537918533638,1
1484643238019584002,1
1484897457788137480,1
1479207420668825610,1
1491505990570815491,1
1504914313051582464,1
1478350533215801353,1
1484460785590050819,1
1487413993929068547,1
1478441154681221124,1
1502260593893519364,1
1502333539047690253,1
1512476647290769408,1
1511670072758218760,1
1496140235738173451,1
1486433778016866304,1
1502373851463925761,1
1498820402549862400,1
1499263337707806723,1
1498791477631234048,1
1498783908816723968,1
1501541351787278337,1
1485301332579864589,1
1498395126204350472,1
1486802490846855168,1
1493109767937699840,1
1503959271096082433,1
1491900297383493643,1
1495106668589375491,1
1491370312335826945,1
1481400660096655366,1
1511858806359265281,1
1487093224003051536,1
1477794350952296449,1
1478678926478225413,1
1491358735855407105,1
1492181698024402944,1
1496242561052196874,1
1498417790931415043,1
1514775550308458502,1
1484332439358959617,1
1487853146202423304,1
1490056418073927681,1
1506380233464860676,1
1507050873846968328,1
1502729930936881152,1
1481012328875319296,1
1496167915669921793,1
1497549543042387970,1
1497954699147939843,1
1498761273860890625,1
1508619972100173829,1
1494491881916489728,1
1483630312663957506,1
1503864337491972098,1
1479800092886503426,1
1492578035123601412,1
1490784970293616647,1
1501867473192292356,1
1495221931808858115,1
1511793388785446912,1
1501014858929688582,1
1490747221888876545,1
1505199948303847430,1
1477858530023677957,1
1489398331008761856,1
1505353452095954946,1
1489008907498536961,1
1514661045612257286,1
1501963612549746693,1
1514196731730305028,1
1502509741217619972,1
1499315647511240708,1
1503766153893720066,1
1502162053590511619,1
1503052953854304261,1
1504451828150325260,1
1510341328533610497,1
1509734846221926404,1
1487146017078366217,1
1510905024322453509,1
1478023373804474370,1
1482838855132889089,1
1478225955739123712,1
1511129899230240777,1
1489418485323251712,1
1501954920089632779,1
1486816295966367744,1
1504996079510695937,1
1506798233833644039,1
1511777030781734919,1
1492941665467781121,1
1504819983003566087,1
1485983323155542028,1
1496676471103971328,1
1502257037224427520,1
1483921463614840846,1
1495579084449067010,1
1481815871186219008,1
1494524602415996945,1
1492653505873682434,1
1482462612327735300,1
1484918799925235713,1
1498080518386106372,1
1490664177110855683,1
1490547130884362244,1
1515327923380760577,1
1506158764554178566,1
1504298999284654080,1
1486149403144511488,1
1504280120013557761,1
1513220030791565312,1
1493540665992658945,1
1511793697926565892,1
1511473784305373191,1
1496540392329822210,1
1490578849389850625,1
1498669414077587459,1
1487512202785570817,1
1488520031424106505,1
1501542084238585861,1
1484303710843023360,1
1497370848394723332,1
1496088273466318852,1
1478392800957902854,1
1478603212814966787,1
1484095628774985728,1
1493518255365017600,1
1486506757572734977,1
1479071495943069697,1
1498296990333116420,1
1500894080464834565,1
1513716058728943616,1
1504078525288046602,1
1478697845058383880,1
1505805169950441475,1
1479567282980405255,1
1482377059854921737,1
1500847509090050050,1
1508977326146695170,1
1483116932727463939,1
1480819281650765827,1
1500576972879147016,1
1506998513359626242,1
1481906450104750080,1
1482076319286317056,1
1499766547291725824,1
1508486587360886788,1
1496936730569719810,1
1503090818126594051,1
1508942105334407174,1
1502270643319894019,1
1509241579063726088,1
1502419182180306945,1
1497353231688773633,1
1510401705233506306,1
1491972072267862017,2
1483494414018297861,2
1496527626244136961,2
1514053590762999810,2
1494497801299968000,2
1514211849918685186,2
1477387658741616647,2
1506352589885128705,2
1508212272413478921,2
1502673295442857994,2
1482533113859391494,2
1488871083310780429,2
1493944516038086658,2
1477703759144828930,2
1496403670640037888,2
1507281146492731448,2
1491596571758272515,2
1483457925620322319,2
1479566028837425153,2
1494975112482856960,2
1490600597514563584,2
1483114453117845507,2
1484752707860709383,2
1500901619621408775,2
1491562604602478601,2
1490364695727030277,2
1481808303277621260,2
1514279781365338117,2
1497953457621413894,2
1502305919044096001,2
1486285320618483712,2
1485334026118443009,2
1507859960381779970,2
1502071870245552133,2
1489195732850651138,2
1498632926312992772,2
1507826804920356868,2
1486846513796034560,2
1511313985211187205,2
1504356881581674499,2
1493555733731893253,2
1491683377061277701,2
1478845030710353925,2
1489842245335461888,2
1506455793159266308,2
1514053282976735235,2
1511946925544722433,2
1488123673483616259,2
1506606086220042245,2
1505549771813146624,2
1480864610865631233,2
1489324089479254021,2
1491528626139013124,2
1484082337331789824,2
1481018349534523396,2
1507084901945905170,2
1478675173977071616,2
1514234205303095307,2
1487028962928775169,2
1489520375134363651,2
1501699373431992321,2
1504382112018931716,2
1513986591760527361,2
1514279777112317973,2
1484327403803463680,2
1477571634806591489,2
1495297943804514304,2
1510371511412178944,2
1487981486024413184,2
1506027951787282434,2
1482358170542608387,2
1484488207093968901,2
1512817644252147712,2
1514279785341595652,2
1504445219378499587,2
1482962294321647617,2
1503193801438937089,2
1494633314145210372,2
1512836505903013891,2
1507034522814238722,2
1480771476152360961,2
1494300862914695168,2
1480942606955778051,2
1491469475903909891,2
1491932536188067844,2
1494408836383494149,2
1514053878223818758,2
1508685415720620037,2
1511757105803546627,2
1483767471815507971,2
1484506085063110657,2
1491465689416282126,2
1509878282216513542,2
1506711144106446857,2
1504193309970948102,2
1504124579006013442,2
1496859994238730242,2
1493623747454160901,2
1485682574760497153,2
1514054522536038403,2
1502556520529244160,2
1478068672275038210,2
1491948864177332245,2
1492238301583089668,2
1513980714026475536,2
1492166651189542912,2
1491557539074478080,2
1508095416302198787,2
1503155876617764871,2
1511569406177988609,2
1512883069442797573,2
1491971139924467725,2
1484133643148742656,2
1511417057258221568,2
1506927119695290370,2
1487938708099764230,2
1511676367057960961,2
1484322394810376194,2
1479851656657481735,2
1489798438292267012,2
1514060823706144773,2
1506943949415534606,2
1499429421819867146,2
1504263779248390145,2
1515185759753543682,2
1504412263398191109,2
1478316284488077313,2
1480957698627805186,2
1500867808019820544,2
1504729339870470156,2
1514279839322320901,2
1506722476621021185,2
1486406111427280902,2
1491188872365158401,2
1494398869601464332,2
1492045783780179976,2
1486672853420449797,2
1486498203746906112,2
1477306974295449603,2
1486972352026095622,2
1479726079443095555,2
1495638150105948164,2
1482608575545552898,2
1490758534111268866,2
1490354640642318337,2
1487002562863804419,2
1498972653641740292,2
1488727656149495810,2
1508604872752603141,2
1477112378579894276,2
1502279448787402764,2
1496610846369275912,2
1489886561567223827,2
1479498241007886345,2
1481725278179282945,2
1510579138511388678,2
1502002630029152262,2
1477271042276089860,2
1489988454700175361,2
1508414880579211277,2
1479135255466545152,2
1501306790402674688,2
1497630066817253383,2
1488117964767432720,2
1512469761921331203,2
1496605854128349186,2
1503367617356173314,2
1479100461479346176,2
1489073692919443457,2
1507688858225455104,2
1479483003306975238,2
1491260608599277570,2
1491419156759068682,2
1489599712990793732,2
1498981460073713670,2
1490500550974222336,2
1486100085532512267,2
1513085651192791042,2
1501943512417193997,2
1509237040453459973,2
1499399268548837393,2
1481964319680217091,2
1480947632700895237,2
1488038610054098946,2
1508904388647133184,2
1491166243247771650,2
1486378420875505664,2
1479827750953394177,2
1515004552348680195,2
1509999097427730435,2
1513950100460085255,2
1480933782093971471,2
1481241564726890497,2
1482231109144485901,2
1479879078744412160,2
1482027278221684738,2
1512185974373199873,2
1515120299586605056,2
1485646191195004929,2
1477218060050526208,2
1496623419261132800,2
1494386218150375425,2
1509515890894819341,2
1501582346142814210,2
1485409530137690114,2
1485809691779289089,2
1500944396937793536,2
1479501890127900676,2
1479030037819146244,2
1510718800689250305,2
1484317339638108163,2
1510810690814189572,2
1491760132979634180,2
1506246862923304961,2
1509319620456497159,2
1480992936611430409,2
1515261249734512641,2
1511599655829790720,2
1491796621612314636,2
1501382275291918337,2
1514106134919012352,2
1501328192757456898,2
1499357675678842886,2
1504559470818512913,2
1512908241692499976,2
1489998523974172673,2
1481263464467341319,2
1505279715317358596,2
1492851077523423236,2
1478525426796478469,2
1479674245210943493,2
1482392159538057216,2
1480047945567416324,2
1487143467281174534,2
1496626166987382784,2
1487928642369949698,2
1496420836399587335,2
1501241564156383242,2
1493176952907354114,2
1511539212465721345,2
1486364587242967044,2
1503106207439073284,2
1481888960851103744,2
1487957575714889728,2
1515142944654774277,2
1494345912973414403,2
1494257872104042499,2
1481143963822272518,2
1481914052733460492,2
1496741721832833026,2
1484110981504643073,2
1495477124542648326,2
1480885974804619266,2
1508104070762012678,2
1508819296834801675,2
1484480958652952579,2
1485958396947963915,2
1489199246653931520,2
1504535568885157891,2
1512777395522215943,2
1485316412218527754,2
1500712878311153665,2
1481287405860753410,2
1496593230632206346,2
1489350544133177345,2
1513573857357139974,2
1501440795106291714,2
1483579975336923137,2
1481132340311175170,2
1497401053574217737,2
1513357445359353859,2
1509904699994038274,2
1483265411244306433,2
1487763800170323970,2
1503366607384596483,2
1496556735775092745,2
1487223982260641794,2
1478860135015624706,2
1487213932372807687,2
1478977163672100864,2
1501784968489545728,2
1509294421891764229,2
1501211187429715978,2
1483442816470634499,2
1509364892532416519,2
1483778821753126918,2
1490437659713585153,2
1493676580400508931,2
1491563298550071297,2
1499350137310691332,2
1503090320841625606,2
1482291524222296065,2
1491822037052145670,2
1510082126305189893,2
1485972006373834757,2
1479915841697337346,2
1514101086461865992,2
1480868604891607050,2
1481113443893932032,2
1487508396890898432,2
1485960668633260037,2
1500897333755719682,2
1495967870567727108,2
1479128177830076418,2
1493222258902503429,2
1482714317229338629,2
1514294946303512581,2
1483111890498818050,2
1480483322564333570,2
1481800800984875010,2
1501553156135833607,2
1503921539523264512,2
1481735074445991949,2
1515426054583857154,2
1493949551962640387,2
1484747666173145088,2
1491104562190630917,2
1512286067537420288,2
1495345486391394305,2
1504817421231837187,2
1506303474002280462,2
1513632490178551808,2
1509632917085069322,2
1501675486732238862,2
1504608551955832832,2
1486793648457068544,2
1482098969115340802,2
1503627081158115329,2
1504464583334969344,2
1510265833574088704,2
1481246359122587649,2
1510806899247263748,2
1511667061440880649,2
1480826884149719048,2
1503058344516464641,2
1486705616424996866,2
1515132896708804610,2
1502085672219332620,2
1486867132390510598,2
1487138455297613825,2
1495125294889504772,2
1478244847295340545,2
1515112761776381962,2
1492111198640349184,2
1501203647027462147,2
1489290121920892932,2
1503011790170513409,2
1495407136213540873,2
1504232445654315011,2
1486742079405502466,2
1493271340534616068,2
1509518652592340997,2
1498644227667992581,2
1492247592432017418,2
1480294578314006530,2
1510645605277876234,2
1483865703308578818,2
1492593128745938944,2
1513849463655251968,2
1483922279151316994,2
1483894551970467842,2
1495737600010821638,2
1503037111175417860,2
1498798008233775109,2
1496009391715368960,2
1493928159015809026,2
1501852911931961346,2
1504175693764173835,2
1508873345944768518,2
1478796214225313801,2
1515208438338539524,2
1491982830322298880,2
1480706056036757506,2
1505990159904518151,2
1486307958548045826,2
1486914437764243464,2
1491046680992661511,2
1478186938217771014,2
1479535867383500807,2
1486357043648860172,2
1484465838723944449,2
1504518011062996998,2
1490558458764185600,2
1509097119721959426,2
1479211607439908864,2
1489979893890928640,2
1493548190808879110,2
1505647896527573004,2
1488197928866959361,2
1481536528836972545,2
1514926851344510977,2
1490890657400983552,2
1495385259491344389,2
1504103175284039683,2
1492302527483817986,2
1478856810782208001,2
1478709127799050241,2
1498728553642590208,2
1489247336442302468,2
1487369946086715399,2
1497315508143669261,2
1482860222586798081,2
1512251394564280321,2
1477799407173185536,2
1494713389091807234,2
1514423281390022664,2
1510320992127799297,2
1505016252590432258,2
1479211226311897095,2
1477337581532721154,2
1508630048223510532,2
1494793914741673989,2
1481679991100354567,2
1503763006991347713,2
1488205461367177221,2
1491962716529082370,2
1513622953157697542,2
1487538585964265472,2
1512067798914125836,2
1485276164105154567,2
1485703516895293445,2
1505608905203798021,2
1513584672906911747,2
1502927453110558721,2
1514136346880843779,2
1503352754516996102,2
1484425540018872322,2
1512524459697229836,2
1512539550450700300,2
1513615383357542406,2
1486713788514537484,2
1486714065409888258,2
1503570454187057156,2
1505315686415011842,2
1499117363958005762,2
1485711540439425033,2
1495423269897490437,2
1495797231668142081,2
1479679316682280961,2
1513255513018048514,2
1503538994398834690,2
1503030645550952448,2
1492408160400859136,2
1483506997014188038,2
1512878036374413317,2
1490096073133772807,2
1487673194291113985,2
1510822869001027585,2
1509286859599486985,2
1510829573453361152,2
1501400586679242757,2
1509299459796221953,2
1510804257187979268,2
1477766663760142337,2
1510796065968119811,2
1510920153726427143,2
1491207744820592646,2
1510971721154801666,2
1501440786793365506,2
1487900951230963722,2
1481932876560179200,2
1510818653683568645,2
1480385510749188101,2
1477233193380192256,2
1510882133878923270,2
1502285986444853257,2
1487883330888650758,2
1480430282075525120,2
1506053061818695681,2
1477389579955191811,2
1510788903585861633,2
1477850969618759685,2
1477389963008393221,2
1502401507651637255,2
1510798293764300802,2
1477632030619934720,2
1493115075233828865,2
1510785486788476936,2
1510901246475091968,2
1490676727068205057,2
1510784828110745602,2
1478599664488300544,2
1479927163436548100,2
1497224920790614018,2
1506460749958426624,2
1494061560200892424,2
1501274058192830467,2
1485715560600158214,2
1504136734728151040,2
1511030855761866761,2
1485405514578239493,2
1504088861286309893,2
1499042610958196739,2
1511782311523667973,2
1478189455135719428,2
1508296591064674307,2
1487176174321250307,2
1511977142858493952,2
1493163129462792195,2
1506284653791035409,2
1485388638254993414,2
1482894214635610117,2
1488896253673062407,2
1499859784920621060,2
1505808435736109057,2
1479885626556174336,2
1484450708988604421,2
1479852942526193668,2
1493233608764674051,2
1486121733643984899,2
1496118372249083904,2
1481622075823509510,2
1487130900106252297,2
1496495585800687617,2
1495261944416292867,2
1508245803449602057,2
1479867006212091904,2
1490827739431014402,2
1511811031626100743,2
1486689230952742916,2
1477318732598894600,2
1491285749341331458,2
1508247530341126152,2
1495767786878119936,2
1496832342522052609,2
1492532724489506821,2
1493404735101194245,2
1485420851721818112,2
1499112387261218816,2
1510006645828562951,2
1510443226020429825,2
1499482255902789632,2
1477843411252260865,2
1491124717264199689,2
1495782933269041156,2
1506426780789399558,2
1477202997319028738,2
1501422536625639429,2
1507744212619563009,2
1502104548445503507,2
1504132944297873420,2
1492815850889486336,2
1510859736140455940,2
1494499432481669123,2
1491945112636735492,2
1491811715746570249,2
1491125557366759424,2
1502013943774167045,2
1512115497273282571,2
1514151454533201929,2
1491125379842867200,2
1486085245422161926,2
1491517348184002565,2
1512503063466102806,2
1514317584623099909,2
1504420046013091841,2
1490457803152052229,2
1504918110058520578,2
1496129335064993801,2
1512576026735308801,2
1503720371798921225,2
1492874974398500864,2
1506658309574701060,2
1511544241851449344,2
1495537513007562763,2
1483924751601082368,2
1503529928205209600,2
1485106536309571593,2
1492242134052782093,2
1493374579238133762,2
1488336318061248513,2
1484314844060794887,2
1498650768576028673,2
1493721825565716481,2
1508027322447839234,2
1493060365550338054,2
1489259927340138501,2
1502253271888629767,2
1480205228754493442,2
1497343162452434948,2
1505640344377081858,2
1490240106871107584,2
1486715711401594897,2
1488776736607195137,2
1506029911148052493,2
1483386232302456834,2
1499560278882758657,2
1483668499713167361,2
1483793929984258050,2
1503748556355784712,2
1492156508133543938,2
1483691715437469698,2
1480352467204325384,2
1477641696850632705,2
1486521866718261258,2
1480377366283177985,2
1499342592433082373,2
1503890056485998592,2
1511003368088559620,2
1510654627540348936,2
1481463535284670469,2
1484848595065053184,2
1480541944216535051,2
1480690955401453569,2
1480626774648279042,2
1509918544141725703,2
1479573618145247233,2
1480388983280619527,2
1509840001089085441,2
1478924338791436289,2
1494162202709970950,2
1513958934574473230,2
1514321285978931204,2
1514284791671185415,2
1478087531451359237,2
1480302155999457285,2
1477166185812742146,2
1480298364642238474,2
1482823970261016584,2
1480271722918170638,2
1481072207430311946,2
1488708792669851651,2
1491230430875590661,2
1499678582196609024,2
1484650800920023047,2
1512462800576303106,2
1512762288188674050,2
1493449666473639943,2
1491951389861371916,2
1481993260054757384,2
1503838487455350791,2
1480723654883385350,2
1493434915265916928,2
1491792848710094860,2
1490397626432475145,2
1480781550174314497,2
1480879688495075330,2
1490135689995952130,2
1491970522514706451,2
1505705775301382144,2
1479532063359438853,2
1497555819457654793,2
1491755097830969345,2
1515155530007859200,2
1506775338566795275,2
1495600932796702721,2
1514649735453368326,2
1488648427080757251,2
1503687530243403784,2
1514185408300695554,2
1503521388895866884,2
1515299005751861251,2
1496503910353231878,2
1513972744731471888,2
1512175888393195520,2
1514068385964961795,2
1488140009064566784,2
1513980293757255690,2
1487123353039167489,2
1514438326132035584,2
1487191312294105088,2
1505914684251295744,2
1478411030011289603,2
1487115775806779394,2
1499235630596988928,2
1515022165841698816,2
1503656002037628931,2
1506960304399396867,2
1479079065592160264,2
1490864238197448705,2
1513906068136542218,2
1514269709323182081,2
1506764743419346953,2
1509971757205270531,2
1499922676953067521,2
1513925126009544719,2
1485730417093353480,2
1503929064763101185,2
1510018444971888643,2
1514323095607160832,2
1513853219994226692,2
1513577648940756995,2
1477687403565535240,2
1509227478878933000,2
1491086963713191942,2
1509239052930850824,2
1503733033895182338,2
1511999488755486720,2
1489999776443686916,2
1494567383868100633,2
1490694389122932737,2
1493935708544847881,2
1489286323634642947,2
1489930563498696712,2
1515433615437484032,2
1490807594906275844,2
1502356195826450442,2
1502293292947542024,2
1484955290252587014,2
1481612048186413056,2
1515007931225366538,2
1491928759880065025,2
1478008249936977932,2
1485673800725413888,2
1489531433538527237,2
1482726088182837249,2
1504638737141190659,2
1514800721174048772,2
1509229027231416329,2
1487972677579153413,2
1486126764048986112,2
1482130418925293573,2
1487863255552905231,2
1515174418019979265,2
1504326839568896000,2
1488950413818744840,2
1494723330129207311,2
1496288703647518721,2
1508828874204983296,2
1488704824220680192,2
1500731737177001986,2
1487431701047525382,2
1485401992004608000,2
1482110353513320448,2
1480138551459262464,2
1478837470712283136,2
1478859131926847488,2
1491773655377920004,2
1514207775596986376,2
1509961318421479428,2
1478848825385267205,2
1504583385871785985,2
1489582751003127811,2
1514468544481832966,2
1514667236061069315,2
1479063974956216329,2
1514322509990039554,2
1492551627781570564,2
1483771281636052995,2
1490727069969432587,2
1483401331201171457,2
1492106466991427585,2
1489325339918716929,2
1496849937828622336,2
1509512102117007373,2
1483821555742302212,2
1507739225784995849,2
1512026193826099209,2
1511329617289875460,2
1492326365286342657,2
1492060242410156032,2
1502716063754162179,2
1487748688470495238,2
1482121625663324165,2
1479071521763123201,2
1480123465013374977,2
1488882169816752132,2
1492238286152212481,2
1491411637152137226,2
1501652840590331908,2
1501670423595036672,2
1498464792243281926,2
1486334768996356103,2
1494484375089688576,2
1483655613892734977,2
1483564888043704326,2
1514653604832944138,2
1478744437501173760,2
1480872181877944323,2
1482623673647382529,2
1478829947737231369,2
1478822379379904518,2
1488631458667405319,2
1483378691099009024,2
1491158658679463936,2
1481997068524826625,2
1484620578288025606,2
1489457450801668097,2
1488697455986331650,2
1509917265210363912,2
1484667133581832198,2
1477435496276140036,2
1485243450970755073,2
1510643315666006021,2
1481984478687936521,2
1510737675590017031,2
1485595764487303173,2
1477374078902280192,2
1491475857105473536,2
1484891117988585474,2
1494612721974796288,2
1511653715735949316,2
1488132467001331720,2
1502397474706710528,2
1485394446439129090,2
1478129065446055939,2
1504510430672216070,2
1491381399756095490,2
1483899596002766852,2
1483524597723107328,2
1490856670699958276,2
1504117855675195396,2
1513635523713241092,2
1508129447265943555,2
1510896966632419328,2
1509737320597102600,2
1493242420082978820,2
1496125139674669056,2
1493339966981775365,2
1496492048970625029,2
1496567360895037442,2
1484541322132340737,2
1482880374216794115,2
1506061868766535680,2
1493900486780624901,2
1478033476322484225,2
1481268191603134466,2
1482200934897917952,2
1493339271440314378,2
1485658736861618178,2
1481898921186234373,2
1486416164406321159,2
1508086446145654789,2
1491543709888008193,2
1487059315416612869,2
1491224086135156739,2
1485492593354022913,2
1483829123399229443,2
1502318008844406786,2
1499797407743283206,2
1499797896128086020,2
1515061173850419205,2
1487070728767819776,2
1493197114142244869,2
1506603121547558922,2
1506267122137284616,2
1478121504252514308,2
1495076993079119872,2
1478171839839055874,2
1481752943409958913,2
1478305247152021505,2
1506656970580926465,2
1506608469985697797,2
1506265728609042440,2
1512354649008967684,2
1506619299628208132,2
1506468279182888960,2
1506289933014781973,2
1506178925579362307,2
1506322342670221319,2
1506405393127325696,2
1506261181283160066,2
1505929765710139393,2
1506360576360214529,2
1483445485901914116,2
1485034547314143232,2
1498100672943829001,2
1493652094804447235,2
1485248465261281280,2
1493326697525092352,2
1487983287985393672,2
1488122403754590216,2
1487984450533163012,2
1481974435313766407,2
1487648026491559939,2
1480305921012162563,2
1508285862706036740,2
1508197196742770696,2
1480419658213859333,2
1508270528343248896,2
1508279492703309833,2
1508272244425953281,2
1508283195258961921,2
1508278310782091265,2
1507792437414178816,2
1508235281354350602,2
1487104481875709953,2
1492215662776836105,2
1483917206866038791,2
1509525945786552320,2
1489301437423235076,2
1487572538536472578,2
1499663470031220739,2
1489612234200432640,2
1509419240478154761,2
1488582947200450568,2
1508707789832609792,2
1491849521613189120,2
1515023812831678466,2
1497686175741616133,2
1507613328448835584,2
1481393089734402052,2
1511677628331270148,2
1477127499461107714,2
1484939435145891841,2
1487906005983932417,2
1485052819317014528,2
1486791195955240963,2
1510837075221876739,2
1481016542603231240,2
1511089993091100681,2
1494320256831004681,2
1493031255029526531,2
1479392401793953792,2
1479203654930477066,2
1478481385102974984,2
1489006991007698953,2
1492739076604243968,2
1496233371499995143,2
1495975412291231750,2
1481721499534995460,2
1484496034017460225,2
1477286007800307714,2
1483876975655669773,2
1484843361492213761,2
1487870760874135552,2
1486544501200068611,2
1510767122674245644,2
1489413412916539393,2
1504634984065388551,2
1510024233048489985,2
1488643369010089987,2
1509410234279899137,2
1503796950013030402,2
1485922931335127045,2
1479740184178659328,2
1481317580346384384,2
1481405658746478599,2
1512050078814461954,2
1514340206404591619,2
1509070457135419399,2
1487996581089579012,2
1502328517861822470,2
1509991499395702792,2
1489020840486264839,3
